원표기	측정맥락	표준명	표준코드	CAS	IARC	유형	비유해	연관인자	매핑근거	신뢰도	사례수	측정건수
벤젠		벤젠	벤젠-067	71-43-2	Group 1				레지스트리 정확일치	R	149	258
포름알데히드		포름알데히드	포름알데-201	50-00-0	Group 1				레지스트리 정확일치	R	46	75
소음		소음(강렬한소음포함)	소음강렬-098						동의어사전→소음(강렬한소음포함)	R	45	92
톨루엔		톨루엔	톨루엔-191	108-88-3					레지스트리 정확일치	R	27	41
전리방사선		전리방사선	전리방사-167		Group 1				별표22:전리방사선(상위 승격)	R	16	24
방사선		전리방사선	전리방사-167		Group 1				별표22:전리방사선(상위 승격)	R	15	21
납		납 및 그 무기화합물	납및그무-034	7439-92-1	Group 2A				동의어사전→납 및 그 무기화합물	R	12	18
크롬		크롬 및 그 화합물	크롬및그-183	7440-47-3	Group 1				동의어사전→크롬 및 그 화합물	R	12	14
석면		석면 분진	석면분진-089	1332-21-4	Group 1				동의어사전→석면 분진	R	10	18
망간		망간 및 그 무기화합물	망간및그-050	7439-96-5					동의어사전→망간 및 그 무기화합물	R	10	12
분진		일반 분진	일반분진-160						동의어사전→일반 분진	R	10	12
용접흄		용접 흄	용접흄-145		Group 1				동의어사전→용접 흄	R	10	11
혼합유기용제		유기용제	유기용제-146						레지스트리 포함매칭	R	10	10
아세톤		아세톤	아세톤-118	67-64-1					레지스트리 정확일치	R	9	10
결정형 유리규산		결정형 유리규산	광물성분-012	14808-60-7	Group 1				레지스트리 정확일치	R	8	10
백석면		석면 분진	석면분진-089	1332-21-4	Group 1				동의어사전→석면 분진	R	7	8
니켈		니켈 및 그 무기화합물	니켈및그-037	7440-02-0	Group 1				동의어사전→니켈 및 그 무기화합물	R	7	7
스티렌		스티렌	스티렌-105	100-42-5	Group 2B				레지스트리 정확일치	R	7	7
크실렌		크실렌	크실렌-164	1330-20-7					레지스트리 정확일치	R	7	7
고무흄		고무제조산업(직업노출)	고무제조-014		Group 1				동의어사전→고무제조산업(직업노출)	R	5	9
극저주파 전자기장		극저주파 자기장	극저주파-023		Group 2B				별표22:극저주파 자기장	R	5	6
TCE		트리클로로에틸렌	트리클로-087	79-01-6	Group 1				동의어사전→트리클로로에틸렌	R	5	5
산화에틸렌		산화에틸렌	산화에틸-085	75-21-8	Group 1				레지스트리 정확일치	R	5	5
암모니아		암모니아	암모니아-128	7664-41-7					레지스트리 정확일치	R	5	5
극저주파 자기장		극저주파 자기장	극저주파-023		Group 2B				별표22:극저주파 자기장	R	4	10
1,3-부타디엔		1,3-부타디엔	13부타-001	106-99-0	Group 1				레지스트리 정확일치	R	4	6
IPA		이소프로필 알코올	이소프로-126	67-63-0					동의어사전→이소프로필 알코올	R	4	6
유기용제		유기용제	유기용제-146						레지스트리 정확일치	R	4	5
MEK		메틸 에틸 케톤	메틸에틸-054	78-93-3					동의어사전→메틸 에틸 케톤	R	4	4
금속가공유		금속가공유	금속가공-028						레지스트리 정확일치	R	4	4
이소프로필알콜		이소프로필 알코올	이소프로-126	67-63-0					동의어사전→이소프로필 알코올	R	4	4
비소		비소 및 그 무기화합물	비소및그-079	7440-38-2	Group 1				동의어사전→비소 및 그 무기화합물	R	3	7
디클로로메탄		디클로로메탄	디클로로-053	75-09-2	Group 2A				레지스트리 정확일치	R	3	4
총분진		일반 분진	일반분진-160						동의어사전→일반 분진	R	3	4
트리클로로에틸렌(TCE)	TCE	트리클로로에틸렌	트리클로-087	79-01-6	Group 1				레지스트리 정확일치	R	3	4
호흡성 분진		일반 분진	일반분진-160						동의어사전→일반 분진	R	3	4
xylene		크실렌	크실렌-164	1330-20-7					동의어사전→크실렌	R	3	3
오일미스트		미네랄 오일 미스트	미네랄오-059		Group 1				동의어사전→미네랄 오일 미스트	R	3	3
일산화탄소		일산화탄소	일산화탄-162	630-08-0					레지스트리 정확일치	R	3	3
황산		황산	황산-215	7664-93-9	Group 1				레지스트리 정확일치	R	3	3
호흡성 결정형 실리카		결정형 유리규산	광물성분-012	14808-60-7	Group 1				동의어사전→결정형 유리규산	R	2	10
고열(WBGT)	WBGT	고온 및 저온 환경	고온및저-015						동의어사전→고온 및 저온 환경	R	2	5
TCE(트리클로로에틸렌)	트리클로로에틸렌	트리클로로에틸렌	트리클로-087	79-01-6	Group 1				동의어사전→트리클로로에틸렌	R	2	4
디메틸포름아미드(DMF)	DMF	디메틸포름아미드	디메틸포-042	68-12-2					레지스트리 정확일치	R	2	4
수은 (혈중)	혈중	수은 및 그 화합물	수은및그-103	7439-97-6					동의어사전→수은 및 그 화합물	R	2	4
Benzene		벤젠	벤젠-067	71-43-2	Group 1				동의어사전→벤젠	R	2	3
극저주파자기장		극저주파 자기장	극저주파-023		Group 2B				별표22:극저주파 자기장	R	2	3
내독소		생물학적 인자	생물학적-088						동의어사전→생물학적 인자	R	2	3
산화철 분진		산화철	산화철-177	1309-37-1					레지스트리 포함매칭	R	2	3
알루미늄		알루미늄 및 그 화합물	알루미늄-124	7429-90-5					레지스트리 포함매칭	R	2	3
엔도톡신		생물학적 인자	생물학적-088						동의어사전→생물학적 인자	R	2	3
자기장		전자기장	전자기장-168		Group 2B				동의어사전→전자기장	R	2	3
카드뮴		카드뮴 및 그 화합물	카드뮴및-180	7440-43-9	Group 1				레지스트리 포함매칭	R	2	3
트리클로로에틸렌		트리클로로에틸렌	트리클로-087	79-01-6	Group 1				레지스트리 정확일치	R	2	3
1,1-디클로로-1-플루오로에탄		HCFC-141b				유기용제			정준명(레지스트리 외)	C	2	2
2-ethoxy ethyl acetate		2-에톡시에틸 아세테이트				유기용제			정준명(레지스트리 외)	C	2	2
PAH		다환방향족탄화수소	다환방향-039		Group 1				동의어사전→다환방향족탄화수소	R	2	2
TDI		디이소시아네이트류	디이소시-043						동의어사전→디이소시아네이트류	R	2	2
구리		구리	구리-018	7440-50-8					레지스트리 정확일치	R	2	2
라돈		라돈				물리적/방사성			정준명(레지스트리 외)	C	2	2
메틸에틸케톤		메틸 에틸 케톤	메틸에틸-054	78-93-3					레지스트리 정확일치	R	2	2
불산		불화수소	불화수소-073	7664-39-3					동의어사전→불화수소	R	2	2
소음(충격음)	충격음	소음(강렬한소음포함)	소음강렬-098						동의어사전→소음(강렬한소음포함)	R	2	2
시클로헥사논		시클로헥사논				유기용제			정준명(레지스트리 외)	C	2	2
아크릴아마이드		아크릴아미드	아크릴아-121	79-06-1	Group 2A				동의어사전→아크릴아미드	R	2	2
에틸아세테이트		에틸 아세테이트	에틸아세-131	141-78-6					레지스트리 정확일치	R	2	2
철		철 및 그 화합물				금속			정준명(레지스트리 외)	C	2	2
헵탄		n-헵탄	N헵탄-212	142-82-5					레지스트리 포함매칭	R	2	2
혼합유기화합물		유기화합물	유기화합-147						레지스트리 포함매칭	R	2	2
메트헤모글로빈						비유해인자	생체지표		비유해인자:생체지표	NA	1	7
방사선 (Ir-192)	Ir-192	전리방사선	전리방사-167		Group 1				별표22:전리방사선(상위 승격)	R	1	5
6가크롬(불용성)	불용성	크롬 및 그 화합물	크롬및그-183	7440-47-3	Group 1				동의어사전→크롬 및 그 화합물	R	1	4
BC(블랙카본)	블랙카본	원소탄소(블랙카본)				분진			정준명(레지스트리 외)	C	1	4
소음(청력손실)	청력손실	소음(강렬한소음포함)	소음강렬-098						동의어사전→소음(강렬한소음포함)	R	1	4
알루미늄 (혈중)	혈중	알루미늄 및 그 화합물	알루미늄-124	7429-90-5					레지스트리 포함매칭	R	1	4
전자파		전자기장	전자기장-168		Group 2B				동의어사전→전자기장	R	1	4
NO2		이산화질소	이산화질-152	10102-44-0					동의어사전→이산화질소	R	1	3
방사선(이온화방사선)	이온화방사선	전리방사선	전리방사-167		Group 1				별표22:전리방사선(상위 승격)	R	1	3
베릴륨		베릴륨 및 그 화합물	베릴륨및-066	7440-41-7	Group 1				레지스트리 포함매칭	R	1	3
브롬이온		브롬화 화합물	브롬화화-077						동의어사전→브롬화 화합물	R	1	3
수은		수은 및 그 화합물	수은및그-103	7439-97-6					동의어사전→수은 및 그 화합물	R	1	3
알루미늄 (요중)	요중	알루미늄 및 그 화합물	알루미늄-124	7429-90-5					레지스트리 포함매칭	R	1	3
에어로솔		가스/흄/미스트				분진			정준명(레지스트리 외)	C	1	3
자기장(극저주파)	극저주파	극저주파 자기장	극저주파-023		Group 2B				별표22:극저주파 자기장	R	1	3
코크스로배출물		코크스 제조	코크스제-182		Group 1				동의어사전→코크스 제조	R	1	3
CO		일산화탄소	일산화탄-162	630-08-0					동의어사전→일산화탄소	R	1	2
EC(원소탄소)	원소탄소	원소탄소				분진			정준명(레지스트리 외)	C	1	2
MEA(에탄올아민)	에탄올아민	에탄올아민				유기화합물			정준명(레지스트리 외)	C	1	2
X선(이오나이저)	이오나이저	X선 및 감마선	X선및감-006		Group 1				레지스트리 포함매칭	R	1	2
가성소다(NaOH)	NaOH	수산화 나트륨	수산화나-100	1310-73-2					동의어사전→수산화 나트륨	R	1	2
고무분진		고무제조산업(직업노출)	고무제조-014		Group 1				동의어사전→고무제조산업(직업노출)	R	1	2
나노 및 마이크로 입자 (아연, 탄소, 니켈 구성성분)	아연, 탄소, 니켈 구성성분	기타 분진 및 입자상 물질	기타분진-030						동의어사전→기타 분진 및 입자상 물질	R	1	2
나노 및 마이크로 입자 (아연, 탄소, 니켈 등 구성성분)	아연, 탄소, 니켈 등 구성성분	기타 분진 및 입자상 물질	기타분진-030						동의어사전→기타 분진 및 입자상 물질	R	1	2
나노입자		기타 분진 및 입자상 물질	기타분진-030						동의어사전→기타 분진 및 입자상 물질	R	1	2
농약		농약	농약-036						레지스트리 정확일치	R	1	2
도료 분진		페인트 및 코팅제	페인트및-196						동의어사전→페인트 및 코팅제	R	1	2
마뇨산(요중)	요중					비유해인자	생체지표	톨루엔	비유해인자:생체지표	NA	1	2
망간흄		망간 및 그 무기화합물	망간및그-050	7439-96-5					동의어사전→망간 및 그 무기화합물	R	1	2
벤지딘		벤지딘	벤지딘-069						레지스트리 정확일치	R	1	2
산소(O₂)	O₂					비유해인자	비유해(정상성분)		비유해인자:비유해(정상성분)	NA	1	2
석영		결정형 유리규산	광물성분-012	14808-60-7	Group 1				동의어사전→결정형 유리규산	R	1	2
소음 (개인노출수준)	개인노출수준	소음(강렬한소음포함)	소음강렬-098						동의어사전→소음(강렬한소음포함)	R	1	2
수은 (요중)	요중	수은 및 그 화합물	수은및그-103	7439-97-6					동의어사전→수은 및 그 화합물	R	1	2
실리카 (호흡성 분진 중)	호흡성 분진 중	결정형 유리규산	광물성분-012	14808-60-7	Group 1				동의어사전→결정형 유리규산	R	1	2
요중 총삼염화물	요중					비유해인자	생체지표	트리클로로에틸렌	비유해인자:생체지표	NA	1	2
유기화합물		유기화합물	유기화합-147						레지스트리 정확일치	R	1	2
일반분진		일반 분진	일반분진-160						동의어사전→일반 분진	R	1	2
자외선		자외선(비전리방사선)				물리적			정준명(레지스트리 외)	C	1	2
잔류벤젠		벤젠	벤젠-067	71-43-2	Group 1				레지스트리 포함매칭	R	1	2
전리방사선(Ir-192)	Ir-192	전리방사선	전리방사-167		Group 1				별표22:전리방사선(상위 승격)	R	1	2
전리방사선(누적피폭선량)	누적피폭선량	전리방사선	전리방사-167		Group 1				별표22:전리방사선(상위 승격)	R	1	2
전리방사선(체외 피폭)	체외 피폭	전리방사선	전리방사-167		Group 1				별표22:전리방사선(상위 승격)	R	1	2
주물사 분진		결정형 유리규산	광물성분-012	14808-60-7	Group 1				동의어사전→결정형 유리규산	R	1	2
총유기화합물(TVOC)	TVOC	유기화합물	유기화합-147						레지스트리 포함매칭	R	1	2
크롬산 납 등 중금속이 함유된 페인트 도료 분진		중금속류	중금속류-171						동의어사전→중금속류	R	1	2
트리클로로에틸렌과 톨루엔		트리클로로에틸렌	트리클로-087	79-01-6	Group 1				레지스트리 포함매칭	R	1	2
포름알데히드(범위)	범위	포름알데히드	포름알데-201	50-00-0	Group 1				레지스트리 정확일치	R	1	2
포름알데히드(평균)	평균	포름알데히드	포름알데-201	50-00-0	Group 1				레지스트리 정확일치	R	1	2
혼합유기용제(아세톤, 크실렌, 메틸에틸케톤)	아세톤, 크실렌, 메틸에틸케톤	유기용제	유기용제-146						레지스트리 포함매칭	R	1	2
(1-3)beta-D-Glucan	1-3	생물학적 인자	생물학적-088						동의어사전→생물학적 인자	R	1	1
1,2-디클로로 프로판		1,2-디클로로프로판	12디클-000	78-87-5	Group 1				레지스트리 정확일치	R	1	1
1,3-Butadinel		1,3-부타디엔				유기화합물			정준명(레지스트리 외)	C	1	1
1,3-Dimethylbenzene		크실렌	크실렌-164	1330-20-7					동의어사전→크실렌	R	1	1
1-ethyl-4-methyl-benzene		4-에틸톨루엔				유기용제			정준명(레지스트리 외)	C	1	1
2,4-TDI		디이소시아네이트류	디이소시-043						동의어사전→디이소시아네이트류	R	1	1
2,4-TDI(toluene diisocyanate)	toluene diisocyanate	디이소시아네이트류	디이소시-043						동의어사전→디이소시아네이트류	R	1	1
2,6-TDI		디이소시아네이트류	디이소시-043						동의어사전→디이소시아네이트류	R	1	1
2-Ethoxyethanol		2-에톡시에탄올	2에톡시-096	110-80-5					동의어사전→2-에톡시에탄올	R	1	1
2-Furanmethanol		푸르푸릴 알코올				유기용제			정준명(레지스트리 외)	C	1	1
2-ethoxy ethanol		2-에톡시에탄올	2에톡시-096	110-80-5					동의어사전→2-에톡시에탄올	R	1	1
2-부탄올		2-부탄올				유기용제			정준명(레지스트리 외)	C	1	1
6가 크롬		크롬 및 그 화합물	크롬및그-183	7440-47-3	Group 1				동의어사전→크롬 및 그 화합물	R	1	1
6가크롬		크롬 및 그 화합물	크롬및그-183	7440-47-3	Group 1				동의어사전→크롬 및 그 화합물	R	1	1
Arsine		삼수소화 비소	삼수소화-117	7784-42-1					동의어사전→삼수소화 비소	R	1	1
Azodicarbonamide		아조디카본아미드				유기화합물			정준명(레지스트리 외)	C	1	1
BOD						비유해인자	수질지표		비유해인자:수질지표	NA	1	1
Benzo(a)pyrene	a	다환방향족탄화수소	다환방향-039		Group 1				동의어사전→다환방향족탄화수소	R	1	1
CRP						비유해인자	임상검사		비유해인자:임상검사	NA	1	1
Cellosolve		2-에톡시에탄올	2에톡시-096	110-80-5					동의어사전→2-에톡시에탄올	R	1	1
Cr		크롬 및 그 화합물	크롬및그-183	7440-47-3	Group 1				동의어사전→크롬 및 그 화합물	R	1	1
DMF		디메틸포름아미드	디메틸포-042	68-12-2					동의어사전→디메틸포름아미드	R	1	1
DMF(디메틸포름아미드)	디메틸포름아미드	디메틸포름아미드	디메틸포-042	68-12-2					동의어사전→디메틸포름아미드	R	1	1
Ethylbenzene		에틸벤젠				유기용제			정준명(레지스트리 외)	C	1	1
Ethylene glycol		에틸렌 글리콜	에틸렌글-130	107-21-1					동의어사전→에틸렌 글리콜	R	1	1
Ethylene oxide		산화에틸렌	산화에틸-085	75-21-8	Group 1				동의어사전→산화에틸렌	R	1	1
Formaldehyde		포름알데히드	포름알데-201	50-00-0	Group 1				동의어사전→포름알데히드	R	1	1
HCHO		포름알데히드	포름알데-201	50-00-0	Group 1				동의어사전→포름알데히드	R	1	1
HDI		디이소시아네이트류	디이소시-043						동의어사전→디이소시아네이트류	R	1	1
L5/S1 부하 (압박력)	압박력	근골격계 유해요인	근골격계-025						동의어사전→근골격계 유해요인	R	1	1
M.E.K		메틸 에틸 케톤	메틸에틸-054	78-93-3					동의어사전→메틸 에틸 케톤	R	1	1
M.I.B.K		메틸 이소부틸 케톤	메틸이소-055	108-10-1					동의어사전→메틸 이소부틸 케톤	R	1	1
MDI		디이소시아네이트류	디이소시-043						동의어사전→디이소시아네이트류	R	1	1
MIBK		메틸 이소부틸 케톤	메틸이소-055	108-10-1					동의어사전→메틸 이소부틸 케톤	R	1	1
Mn		망간 및 그 무기화합물	망간및그-050	7439-96-5					동의어사전→망간 및 그 무기화합물	R	1	1
OSHA의 위험 평가						비유해인자	평가/방법		비유해인자:평가/방법	NA	1	1
PAH(12종)	12종	다환방향족탄화수소	다환방향-039		Group 1				동의어사전→다환방향족탄화수소	R	1	1
PAHs (드로잉유)	드로잉유	다환방향족탄화수소	다환방향-039		Group 1				동의어사전→다환방향족탄화수소	R	1	1
PAHs (유압 작동유)	유압 작동유	다환방향족탄화수소	다환방향-039		Group 1				동의어사전→다환방향족탄화수소	R	1	1
PAHs(naphthalene, acenaphthene, anthracene, fluoanthene)	naphthalene, acenaphthene, anthracene, fluoanthene	다환방향족탄화수소	다환방향-039		Group 1				동의어사전→다환방향족탄화수소	R	1	1
PCE		퍼클로로에틸렌	퍼클로로-188	127-18-4	Group 2A				동의어사전→퍼클로로에틸렌	R	1	1
PD20						비유해인자	임상검사		비유해인자:임상검사	NA	1	1
PGME		프로필렌글리콜 모노메틸에테르				유기용제			정준명(레지스트리 외)	C	1	1
PSA						비유해인자	임상검사		비유해인자:임상검사	NA	1	1
Pb		납 및 그 무기화합물	납및그무-034	7439-92-1	Group 2A				동의어사전→납 및 그 무기화합물	R	1	1
Pentane		펜탄	펜탄-197						동의어사전→펜탄	R	1	1
SS						비유해인자	수질지표		비유해인자:수질지표	NA	1	1
WAC 평가						비유해인자	평가/방법		비유해인자:평가/방법	NA	1	1
WBGT(고온)	고온	고온 및 저온 환경	고온및저-015						동의어사전→고온 및 저온 환경	R	1	1
X선(전리방사선)	전리방사선	전리방사선	전리방사-167		Group 1				별표22:전리방사선(상위 승격)	R	1	1
Zn		아연 및 그 화합물				금속			정준명(레지스트리 외)	C	1	1
buthyl acetate		부틸 아세테이트				유기용제			정준명(레지스트리 외)	C	1	1
ethyl benzene		에틸벤젠				유기용제			정준명(레지스트리 외)	C	1	1
isopropyl alcohol		이소프로필 알코올	이소프로-126	67-63-0					동의어사전→이소프로필 알코올	R	1	1
methyl isobuthyl ketone		메틸 이소부틸 케톤	메틸이소-055	108-10-1					동의어사전→메틸 이소부틸 케톤	R	1	1
naphthalene		나프탈렌				유기화합물			정준명(레지스트리 외)	C	1	1
styrene		스티렌	스티렌-105	100-42-5	Group 2B				동의어사전→스티렌	R	1	1
toluene		톨루엔	톨루엔-191	108-88-3					동의어사전→톨루엔	R	1	1
β-마이크로글로불린						비유해인자	생체지표		비유해인자:생체지표	NA	1	1
가성소다(수산화나트륨, NaOH)	수산화나트륨, NaOH	수산화 나트륨	수산화나-100	1310-73-2					동의어사전→수산화 나트륨	R	1	1
가시영역 복사량		가시광선				물리적			정준명(레지스트리 외)	C	1	1
각섬석 섬유(투각섬석)	투각섬석	석면 분진	석면분진-089	1332-21-4	Group 1				동의어사전→석면 분진	R	1	1
간						비유해인자	오배정(장기명)		비유해인자:오배정(장기명)	NA	1	1
감마선		X선 및 감마선	X선및감-006		Group 1				레지스트리 포함매칭	R	1	1
결정형 산화규소		결정형 유리규산	광물성분-012	14808-60-7	Group 1				동의어사전→결정형 유리규산	R	1	1
결정형 유리규산(크리스토발라이트)	크리스토발라이트	결정형 유리규산	광물성분-012	14808-60-7	Group 1				레지스트리 정확일치	R	1	1
결정형실리카		결정형 유리규산	광물성분-012	14808-60-7	Group 1				동의어사전→결정형 유리규산	R	1	1
결정형유리규산		결정형 유리규산	광물성분-012	14808-60-7	Group 1				레지스트리 정확일치	R	1	1
고주파 대역 전기장		전자기장	전자기장-168		Group 2B				동의어사전→전자기장	R	1	1
곰팡이		생물학적 인자	생물학적-088						동의어사전→생물학적 인자	R	1	1
곰팡이와 박테리아		생물학적 인자	생물학적-088						동의어사전→생물학적 인자	R	1	1
공간방사선량율		전리방사선	전리방사-167		Group 1				별표22:전리방사선(상위 승격)	R	1	1
과망간산칼륨소비량						비유해인자	수질지표		비유해인자:수질지표	NA	1	1
광물성 분진		기타 분진 및 입자상 물질	기타분진-030						동의어사전→기타 분진 및 입자상 물질	R	1	1
광물성분진		기타 분진 및 입자상 물질	기타분진-030						동의어사전→기타 분진 및 입자상 물질	R	1	1
교대근무		교대 근무	교대근무-112		Group 2A				레지스트리 정확일치	R	1	1
규소		결정형 유리규산	광물성분-012	14808-60-7	Group 1				동의어사전→결정형 유리규산	R	1	1
그람음성간균		생물학적 인자	생물학적-088						동의어사전→생물학적 인자	R	1	1
극저주파		극저주파 자기장	극저주파-023		Group 2B				별표22:극저주파 자기장	R	1	1
극저주파 자기장(ELF-MF)	ELF-MF	극저주파 자기장	극저주파-023		Group 2B				별표22:극저주파 자기장	R	1	1
극저주파(자기장)	자기장	극저주파 자기장	극저주파-023		Group 2B				별표22:극저주파 자기장	R	1	1
근육 동원 비율						비유해인자	측정지표		비유해인자:측정지표	NA	1	1
기압 (대기압 변화)	대기압 변화	이상기압				물리적			정준명(레지스트리 외)	C	1	1
기중 유기용제		유기용제	유기용제-146						레지스트리 포함매칭	R	1	1
기타 분진		기타 분진 및 입자상 물질	기타분진-030						레지스트리 포함매칭	R	1	1
기타분진(유리규산 1% 이하)	유리규산 1% 이하	기타 분진 및 입자상 물질	기타분진-030						레지스트리 포함매칭	R	1	1
납 (X선형광분석)	X선형광분석	납 및 그 무기화합물	납및그무-034	7439-92-1	Group 2A				동의어사전→납 및 그 무기화합물	R	1	1
납 (혈중)	혈중	납 및 그 무기화합물	납및그무-034	7439-92-1	Group 2A				동의어사전→납 및 그 무기화합물	R	1	1
뇌간유발반응검사 (우측)	우측					비유해인자	임상검사		비유해인자:임상검사	NA	1	1
뇌간유발반응검사 (좌측)	좌측					비유해인자	임상검사		비유해인자:임상검사	NA	1	1
니켈·크롬·납 등의 중금속		중금속류	중금속류-171						동의어사전→중금속류	R	1	1
니트로스아민		N-니트로소화합물				유기화합물			정준명(레지스트리 외)	C	1	1
다핵방향족탄화수소		다환방향족탄화수소	다환방향-039		Group 1				동의어사전→다환방향족탄화수소	R	1	1
디젤 배출물		디젤엔진배출물	디젤엔진-044		Group 1				동의어사전→디젤엔진배출물	R	1	1
디클로로메탄(MC)	MC	디클로로메탄	디클로로-053	75-09-2	Group 2A				레지스트리 정확일치	R	1	1
디클로로프로판(1,2-dichloropropane, DCP)	1,2-dichloropropane, DCP	1,2-디클로로프로판	12디클-000	78-87-5	Group 1				레지스트리 포함매칭	R	1	1
메타콜린						비유해인자	임상검사		비유해인자:임상검사	NA	1	1
메타콜린유발검사(일초량)	일초량					비유해인자	임상검사		비유해인자:임상검사	NA	1	1
메틸렌 클로라이드(MC)	MC	디클로로메탄	디클로로-053	75-09-2	Group 2A				동의어사전→디클로로메탄	R	1	1
메틸알코올		메탄올				유기용제			정준명(레지스트리 외)	C	1	1
면분진		면 분진(면직물)				분진			정준명(레지스트리 외)	C	1	1
모니터 평균밝기(동종 비교 모니터)	동종 비교 모니터					비유해인자	측정지표		비유해인자:측정지표	NA	1	1
모니터 평균밝기(사용 모니터)	사용 모니터					비유해인자	측정지표		비유해인자:측정지표	NA	1	1
목분진		목재 분진	목재분진-056		Group 1				동의어사전→목재 분진	R	1	1
목이 굽혀지거나 비틀려진 상태		근골격계 유해요인	근골격계-025						동의어사전→근골격계 유해요인	R	1	1
목재 분진		목재 분진	목재분진-056		Group 1				레지스트리 정확일치	R	1	1
뮤콘산 (소변 중)	소변 중					비유해인자	생체지표	벤젠	비유해인자:생체지표	NA	1	1
방사선 (Ionizer)	Ionizer	전리방사선	전리방사-167		Group 1				별표22:전리방사선(상위 승격)	R	1	1
방사선 (누적노출선량, 외국 연구 사례)	누적노출선량, 외국 연구 사례	전리방사선	전리방사-167		Group 1				별표22:전리방사선(상위 승격)	R	1	1
방사선 (누적선량)	누적선량	전리방사선	전리방사-167		Group 1				별표22:전리방사선(상위 승격)	R	1	1
방사선 (체내)	체내	전리방사선	전리방사-167		Group 1				별표22:전리방사선(상위 승격)	R	1	1
방사선 (체외)	체외	전리방사선	전리방사-167		Group 1				별표22:전리방사선(상위 승격)	R	1	1
방사선 유효선량 (Ionizer)	Ionizer	전리방사선	전리방사-167		Group 1				별표22:전리방사선(상위 승격)	R	1	1
방사선 총 노출선량 (Ionizer)	Ionizer	전리방사선	전리방사-167		Group 1				별표22:전리방사선(상위 승격)	R	1	1
방사선(X선)	X선	전리방사선	전리방사-167		Group 1				별표22:전리방사선(상위 승격)	R	1	1
방사선(개인피폭선량)	개인피폭선량	전리방사선	전리방사-167		Group 1				별표22:전리방사선(상위 승격)	R	1	1
방사선(이오나이저)	이오나이저	전리방사선	전리방사-167		Group 1				별표22:전리방사선(상위 승격)	R	1	1
방사선(전리방사선)	전리방사선	전리방사선	전리방사-167		Group 1				별표22:전리방사선(상위 승격)	R	1	1
방사선(체외 피폭)	체외 피폭	전리방사선	전리방사-167		Group 1				별표22:전리방사선(상위 승격)	R	1	1
방사선노출량		전리방사선	전리방사-167		Group 1				별표22:전리방사선(상위 승격)	R	1	1
방사선량		전리방사선	전리방사-167		Group 1				별표22:전리방사선(상위 승격)	R	1	1
베릴륨 및 함유제제		베릴륨 및 그 화합물	베릴륨및-066	7440-41-7	Group 1				동의어사전→베릴륨 및 그 화합물	R	1	1
벤젠 1종		벤젠	벤젠-067	71-43-2	Group 1				레지스트리 포함매칭	R	1	1
벤젠 2종		벤젠	벤젠-067	71-43-2	Group 1				레지스트리 포함매칭	R	1	1
벤젠(누적노출량)	누적노출량	벤젠	벤젠-067	71-43-2	Group 1				레지스트리 정확일치	R	1	1
벤젠(최대 누적노출)	최대 누적노출	벤젠	벤젠-067	71-43-2	Group 1				레지스트리 정확일치	R	1	1
벤젠(평균 누적노출)	평균 누적노출	벤젠	벤젠-067	71-43-2	Group 1				레지스트리 정확일치	R	1	1
벤젠함유량		벤젠	벤젠-067	71-43-2	Group 1				레지스트리 포함매칭	R	1	1
부유세균		생물학적 인자	생물학적-088						동의어사전→생물학적 인자	R	1	1
분진1종(탈크)	탈크	활석	활석-187	14807-96-6	Group 2B				동의어사전→활석	R	1	1
불산(불화수소)	불화수소	불화수소	불화수소-073	7664-39-3					동의어사전→불화수소	R	1	1
브롬		브롬화 화합물	브롬화화-077						동의어사전→브롬화 화합물	R	1	1
비소 (소변 총 비소)	소변 총 비소	비소 및 그 무기화합물	비소및그-079	7440-38-2	Group 1				동의어사전→비소 및 그 무기화합물	R	1	1
비소(요중)	요중	비소 및 그 무기화합물	비소및그-079	7440-38-2	Group 1				동의어사전→비소 및 그 무기화합물	R	1	1
사이클로헥사논		시클로헥사논				유기용제			정준명(레지스트리 외)	C	1	1
사이클로헥산		시클로헥산				유기용제			정준명(레지스트리 외)	C	1	1
산화마그네슘		산화마그네슘				금속산화물			정준명(레지스트리 외)	C	1	1
산화철 분진과 흄		산화철	산화철-177	1309-37-1					레지스트리 포함매칭	R	1	1
샌딩분진		일반 분진	일반분진-160						동의어사전→일반 분진	R	1	1
석영(호흡성 분진 중 함유량)	호흡성 분진 중 함유량	결정형 유리규산	광물성분-012	14808-60-7	Group 1				동의어사전→결정형 유리규산	R	1	1
석영(호흡성 분진)	호흡성 분진	결정형 유리규산	광물성분-012	14808-60-7	Group 1				동의어사전→결정형 유리규산	R	1	1
세척액(산성)	산성	산류(세척액)				산류			정준명(레지스트리 외)	C	1	1
셀로솔브		2-에톡시에탄올	2에톡시-096	110-80-5					동의어사전→2-에톡시에탄올	R	1	1
소음 (1일 작업환경 노출 추정수준)	1일 작업환경 노출 추정수준	소음(강렬한소음포함)	소음강렬-098						동의어사전→소음(강렬한소음포함)	R	1	1
소음 (LAFMAX)	LAFMAX	소음(강렬한소음포함)	소음강렬-098						동의어사전→소음(강렬한소음포함)	R	1	1
소음 (LAeq)	LAeq	소음(강렬한소음포함)	소음강렬-098						동의어사전→소음(강렬한소음포함)	R	1	1
소음 (교환실)	교환실	소음(강렬한소음포함)	소음강렬-098						동의어사전→소음(강렬한소음포함)	R	1	1
소음 (배경소음)	배경소음	소음(강렬한소음포함)	소음강렬-098						동의어사전→소음(강렬한소음포함)	R	1	1
소음 (빙축열 냉각기, 1대 가동)	빙축열 냉각기, 1대 가동	소음(강렬한소음포함)	소음강렬-098						동의어사전→소음(강렬한소음포함)	R	1	1
소음 (빙축열 냉수 펌프, 1대 가동)	빙축열 냉수 펌프, 1대 가동	소음(강렬한소음포함)	소음강렬-098						동의어사전→소음(강렬한소음포함)	R	1	1
소음 (빙축열 냉수 펌프, 3대 가동)	빙축열 냉수 펌프, 3대 가동	소음(강렬한소음포함)	소음강렬-098						동의어사전→소음(강렬한소음포함)	R	1	1
소음 (순음청력검사 - 우측 평균청력역치)	순음청력검사 - 우측 평균청력역치	소음(강렬한소음포함)	소음강렬-098						동의어사전→소음(강렬한소음포함)	R	1	1
소음 (순음청력검사 - 좌측 평균청력역치)	순음청력검사 - 좌측 평균청력역치	소음(강렬한소음포함)	소음강렬-098						동의어사전→소음(강렬한소음포함)	R	1	1
소음 (압축기)	압축기	소음(강렬한소음포함)	소음강렬-098						동의어사전→소음(강렬한소음포함)	R	1	1
소음 (전기공 근무 기간 추정 노출)	전기공 근무 기간 추정 노출	소음(강렬한소음포함)	소음강렬-098						동의어사전→소음(강렬한소음포함)	R	1	1
소음 (착암공 근무 기간 추정 노출)	착암공 근무 기간 추정 노출	소음(강렬한소음포함)	소음강렬-098						동의어사전→소음(강렬한소음포함)	R	1	1
소음 (청신경뇌간유발전위검사 - 우측)	청신경뇌간유발전위검사 - 우측	소음(강렬한소음포함)	소음강렬-098						동의어사전→소음(강렬한소음포함)	R	1	1
소음 (터보 냉각기, 1대 가동)	터보 냉각기, 1대 가동	소음(강렬한소음포함)	소음강렬-098						동의어사전→소음(강렬한소음포함)	R	1	1
소음 (터보 냉각기, 2대 가동)	터보 냉각기, 2대 가동	소음(강렬한소음포함)	소음강렬-098						동의어사전→소음(강렬한소음포함)	R	1	1
소음 (터보냉각기 2대 + 빙축열 냉동기 1대 가동)	터보냉각기 2대 + 빙축열 냉동기 1대 가동	소음(강렬한소음포함)	소음강렬-098						동의어사전→소음(강렬한소음포함)	R	1	1
소음 (헤드셋 내)	헤드셋 내	소음(강렬한소음포함)	소음강렬-098						동의어사전→소음(강렬한소음포함)	R	1	1
소음(난청)	난청	소음(강렬한소음포함)	소음강렬-098						동의어사전→소음(강렬한소음포함)	R	1	1
소음(배경소음)	배경소음	소음(강렬한소음포함)	소음강렬-098						동의어사전→소음(강렬한소음포함)	R	1	1
소음(순음청력 검사-청력역치)	순음청력 검사-청력역치	소음(강렬한소음포함)	소음강렬-098						동의어사전→소음(강렬한소음포함)	R	1	1
소음(순음청력검사 결과, 우측)	순음청력검사 결과, 우측	소음(강렬한소음포함)	소음강렬-098						동의어사전→소음(강렬한소음포함)	R	1	1
소음(순음청력검사 결과, 좌측)	순음청력검사 결과, 좌측	소음(강렬한소음포함)	소음강렬-098						동의어사전→소음(강렬한소음포함)	R	1	1
소음(시간가중평균)	시간가중평균	소음(강렬한소음포함)	소음강렬-098						동의어사전→소음(강렬한소음포함)	R	1	1
수은 (요중, penicillamin 투여 전)	요중, penicillamin 투여 전	수은 및 그 화합물	수은및그-103	7439-97-6					동의어사전→수은 및 그 화합물	R	1	1
수은 (혈중, penicillamin 투여 전)	혈중, penicillamin 투여 전	수은 및 그 화합물	수은및그-103	7439-97-6					동의어사전→수은 및 그 화합물	R	1	1
수은 (혈중, penicillamin 투여 후)	혈중, penicillamin 투여 후	수은 및 그 화합물	수은및그-103	7439-97-6					동의어사전→수은 및 그 화합물	R	1	1
수은(소변)	소변	수은 및 그 화합물	수은및그-103	7439-97-6					동의어사전→수은 및 그 화합물	R	1	1
수은(혈액)	혈액	수은 및 그 화합물	수은및그-103	7439-97-6					동의어사전→수은 및 그 화합물	R	1	1
순음청력검사 (우측)	우측					비유해인자	건강결과	소음	비유해인자:건강결과	NA	1	1
순음청력검사 (좌측)	좌측					비유해인자	건강결과	소음	비유해인자:건강결과	NA	1	1
스팟용접 (용접흄)	용접흄	용접 흄	용접흄-145		Group 1				동의어사전→용접 흄	R	1	1
시멘트분진		포틀랜드 시멘트	포틀랜드-108	65997-15-1					동의어사전→포틀랜드 시멘트	R	1	1
아르신		삼수소화 비소	삼수소화-117	7784-42-1					동의어사전→삼수소화 비소	R	1	1
아연		산화아연	산화아연-119	1314-13-2					레지스트리 포함매칭	R	1	1
아황산가스		이산화황	이산화황-154	7446-09-5					동의어사전→이산화황	R	1	1
알코올		알콜류	알콜류-127						동의어사전→알콜류	R	1	1
알코올 (혈중)	혈중					비유해인자	생체지표	에탄올	비유해인자:생체지표	NA	1	1
알코올(혈중)	혈중					비유해인자	생체지표	에탄올	비유해인자:생체지표	NA	1	1
알킬수은		수은 및 그 화합물	수은및그-103	7439-97-6					동의어사전→수은 및 그 화합물	R	1	1
에틸렌옥사이드		산화에틸렌	산화에틸-085	75-21-8	Group 1				동의어사전→산화에틸렌	R	1	1
에폭시수지가 포함된 분진		페인트 및 코팅제	페인트및-196						동의어사전→페인트 및 코팅제	R	1	1
엠이케이		메틸 에틸 케톤	메틸에틸-054	78-93-3					동의어사전→메틸 에틸 케톤	R	1	1
연 (납)	납	납 및 그 무기화합물	납및그무-034	7439-92-1	Group 2A				동의어사전→납 및 그 무기화합물	R	1	1
염산		염화수소				산류			정준명(레지스트리 외)	C	1	1
염화메틸		클로로메탄				유기용제			정준명(레지스트리 외)	C	1	1
염화비닐단량체(VCM)	VCM	염화비닐	염화비닐-138	75-01-4	Group 1				레지스트리 포함매칭	R	1	1
오일 미스트		미네랄 오일 미스트	미네랄오-059		Group 1				동의어사전→미네랄 오일 미스트	R	1	1
오존		오존	오존-143	10028-15-6					레지스트리 정확일치	R	1	1
옥탄		옥탄				유기용제			정준명(레지스트리 외)	C	1	1
요중 NMF(N-methylformamide)	N-methylformamide / 요중					비유해인자	생체지표	디메틸포름아미드	비유해인자:생체지표	NA	1	1
요중 마뇨산	요중					비유해인자	생체지표	톨루엔	비유해인자:생체지표	NA	1	1
요중 벤지딘	요중	벤지딘	벤지딘-069						레지스트리 정확일치	R	1	1
요추부 압박력		근골격계 유해요인	근골격계-025						동의어사전→근골격계 유해요인	R	1	1
요추부압박력(형틀운반 작업)	형틀운반 작업	근골격계 유해요인	근골격계-025						동의어사전→근골격계 유해요인	R	1	1
용접흄 및 분진		용접 흄	용접흄-145		Group 1				동의어사전→용접 흄	R	1	1
우레탄 수지(이소시아네이트 포함)	이소시아네이트 포함	디이소시아네이트류	디이소시-043						동의어사전→디이소시아네이트류	R	1	1
우주 전리 방사선		전리방사선	전리방사-167		Group 1				별표22:전리방사선(상위 승격)	R	1	1
우주방사선		전리방사선	전리방사-167		Group 1				별표22:전리방사선(상위 승격)	R	1	1
우주방사선(총 누적 방사선량)	총 누적 방사선량	전리방사선	전리방사-167		Group 1				별표22:전리방사선(상위 승격)	R	1	1
유기화합물(IPA)	IPA	유기화합물	유기화합-147						레지스트리 정확일치	R	1	1
유리규산(호흡성 분진 내)	호흡성 분진 내	결정형 유리규산	광물성분-012	14808-60-7	Group 1				동의어사전→결정형 유리규산	R	1	1
유리규산(호흡성 분진 중 함유량)	호흡성 분진 중 함유량	결정형 유리규산	광물성분-012	14808-60-7	Group 1				동의어사전→결정형 유리규산	R	1	1
유리섬유		유리 섬유	유리섬유-148						레지스트리 정확일치	R	1	1
은(금속)	금속	은 및 그 가용성 화합물	은및그가-149	7440-22-4					동의어사전→은 및 그 가용성 화합물	R	1	1
의료용 방사선		전리방사선	전리방사-167		Group 1				별표22:전리방사선(상위 승격)	R	1	1
이동대차를 밀거나 당기는 동작		근골격계 유해요인	근골격계-025						동의어사전→근골격계 유해요인	R	1	1
이산화탄소		이산화탄소	이산화탄-153	124-38-9					레지스트리 정확일치	R	1	1
이소프로필알코올		이소프로필 알코올	이소프로-126	67-63-0					레지스트리 정확일치	R	1	1
이온화 방사선		전리방사선	전리방사-167		Group 1				별표22:전리방사선(상위 승격)	R	1	1
이황화탄소		이황화탄소				유기용제			정준명(레지스트리 외)	C	1	1
일산화탄소 헤모글로빈						비유해인자	생체지표	일산화탄소	비유해인자:생체지표	NA	1	1
자외선(UV) 투과율 — 유리온실 유리	UV					비유해인자	측정지표	자외선	비유해인자:측정지표	NA	1	1
자외선(UVB)	UVB	자외선(비전리방사선)				물리적			정준명(레지스트리 외)	C	1	1
저주파 대역 자기장		전자기장	전자기장-168		Group 2B				동의어사전→전자기장	R	1	1
저주파 자기장		극저주파 자기장	극저주파-023		Group 2B				레지스트리 포함매칭	R	1	1
전리 방사선		전리방사선	전리방사-167		Group 1				별표22:전리방사선(상위 승격)	R	1	1
전리방사선 (방사선 피폭선량)	방사선 피폭선량	전리방사선	전리방사-167		Group 1				별표22:전리방사선(상위 승격)	R	1	1
전리방사선 (방사선 피폭선량, 연간 환산)	방사선 피폭선량, 연간 환산	전리방사선	전리방사-167		Group 1				별표22:전리방사선(상위 승격)	R	1	1
전리방사선(X-ray)	X-ray	전리방사선	전리방사-167		Group 1				별표22:전리방사선(상위 승격)	R	1	1
전리방사선(엑스선)	엑스선	전리방사선	전리방사-167		Group 1				별표22:전리방사선(상위 승격)	R	1	1
전리방사선(체외 피폭, 가정값)	체외 피폭, 가정값	전리방사선	전리방사-167		Group 1				별표22:전리방사선(상위 승격)	R	1	1
전리방사선(최대 누적피폭량)	최대 누적피폭량	전리방사선	전리방사-167		Group 1				별표22:전리방사선(상위 승격)	R	1	1
전리방사선(피폭선량)	피폭선량	전리방사선	전리방사-167		Group 1				별표22:전리방사선(상위 승격)	R	1	1
전자기장		전자기장	전자기장-168		Group 2B				레지스트리 정확일치	R	1	1
정자기장		전자기장	전자기장-168		Group 2B				동의어사전→전자기장	R	1	1
주물사 분진(유리규산)	유리규산	결정형 유리규산	광물성분-012	14808-60-7	Group 1				동의어사전→결정형 유리규산	R	1	1
주석		주석 및 그 화합물	주석및그-170	7440-31-5					레지스트리 포함매칭	R	1	1
중금속		중금속류	중금속류-171						동의어사전→중금속류	R	1	1
중량물(의자, 쿠션)	의자, 쿠션	근골격계 유해요인	근골격계-025						동의어사전→근골격계 유해요인	R	1	1
진균내독소		생물학적 인자	생물학적-088						동의어사전→생물학적 인자	R	1	1
질산		질산	질산-174	7697-37-2					레지스트리 정확일치	R	1	1
청력 (입사 4년 후, 우측)	입사 4년 후, 우측					비유해인자	건강결과	소음	비유해인자:건강결과	NA	1	1
청력 (입사 4년 후, 좌측)	입사 4년 후, 좌측					비유해인자	건강결과	소음	비유해인자:건강결과	NA	1	1
청력 (입사 8년 후, 우측)	입사 8년 후, 우측					비유해인자	건강결과	소음	비유해인자:건강결과	NA	1	1
청력 (입사 8년 후, 좌측)	입사 8년 후, 좌측					비유해인자	건강결과	소음	비유해인자:건강결과	NA	1	1
청력손실(우측)	우측					비유해인자	건강결과	소음	비유해인자:건강결과	NA	1	1
청력손실(좌측)	좌측					비유해인자	건강결과	소음	비유해인자:건강결과	NA	1	1
초산에틸		에틸 아세테이트	에틸아세-131	141-78-6					동의어사전→에틸 아세테이트	R	1	1
총 부유진균		생물학적 인자	생물학적-088						동의어사전→생물학적 인자	R	1	1
총 분진		일반 분진	일반분진-160						동의어사전→일반 분진	R	1	1
총대장균군		총대장균군(생물지표)				생물학적			정준명(레지스트리 외)	C	1	1
총박테리아		생물학적 인자	생물학적-088						동의어사전→생물학적 인자	R	1	1
총분진(고무분진)	고무분진	일반 분진	일반분진-160						동의어사전→일반 분진	R	1	1
충격소음		소음(강렬한소음포함)	소음강렬-098						동의어사전→소음(강렬한소음포함)	R	1	1
크롬 (TIG 용접)	TIG 용접	크롬 및 그 화합물	크롬및그-183	7440-47-3	Group 1				동의어사전→크롬 및 그 화합물	R	1	1
크롬(3가)화합물	3가	크롬 및 그 화합물	크롬및그-183	7440-47-3	Group 1				동의어사전→크롬 및 그 화합물	R	1	1
크롬(총 크롬)	총 크롬	크롬 및 그 화합물	크롬및그-183	7440-47-3	Group 1				동의어사전→크롬 및 그 화합물	R	1	1
탁도						비유해인자	수질지표		비유해인자:수질지표	NA	1	1
탈크분진		활석	활석-187	14807-96-6	Group 2B				동의어사전→활석	R	1	1
테트라하이드로퓨란		테트라히드로푸란	테트라히-189	109-99-9					동의어사전→테트라히드로푸란	R	1	1
톨루엔디이소시아네이트(TDI)	TDI	디이소시아네이트류	디이소시-043						동의어사전→디이소시아네이트류	R	1	1
툴루엔		톨루엔	톨루엔-191	108-88-3					동의어사전→톨루엔	R	1	1
펜탄		펜탄	펜탄-197						레지스트리 정확일치	R	1	1
포름알데하이드		포름알데히드	포름알데-201	50-00-0	Group 1				동의어사전→포름알데히드	R	1	1
포름알데하이드(누적노출량)	누적노출량	포름알데히드	포름알데-201	50-00-0	Group 1				동의어사전→포름알데히드	R	1	1
포름알데히드를 포함한 유기용제		포름알데히드	포름알데-201	50-00-0	Group 1				레지스트리 포함매칭	R	1	1
피폭 방사선량		전리방사선	전리방사-167		Group 1				별표22:전리방사선(상위 승격)	R	1	1
허리를 굽히거나 비튼 상태		근골격계 유해요인	근골격계-025						동의어사전→근골격계 유해요인	R	1	1
헥산		n-헥산	N헥산-211	110-54-3					레지스트리 포함매칭	R	1	1
혈압(수축기)	수축기					비유해인자	건강결과		비유해인자:건강결과	NA	1	1
혈압(확장기)	확장기					비유해인자	건강결과		비유해인자:건강결과	NA	1	1
혈중 벤지딘	혈중	벤지딘	벤지딘-069						레지스트리 정확일치	R	1	1
혈중연	혈중	납 및 그 무기화합물	납및그무-034	7439-92-1	Group 2A				동의어사전→납 및 그 무기화합물	R	1	1
호흡성 유리규산		결정형 유리규산	광물성분-012	14808-60-7	Group 1				동의어사전→결정형 유리규산	R	1	1
호흡성분진		일반 분진	일반분진-160						동의어사전→일반 분진	R	1	1
혼합 유기화합물		유기화합물	유기화합-147						레지스트리 포함매칭	R	1	1
황산, 염소가스 등 기타물질		염소	염소-136	7782-50-5					레지스트리 포함매칭	R	1	1
황화수소		황화수소	황화수소-216	7783-06-4					레지스트리 정확일치	R	1	1
흡입성 분진(4㎛ 이하)	4㎛ 이하	일반 분진	일반분진-160						동의어사전→일반 분진	R	1	1
흡입성 원소탄소		원소탄소				분진			정준명(레지스트리 외)	C	1	1
